Workbook

Sheet My Rules
A1: ⚙️ MY APPLY RULES — Faysal Ahmed
A2: Change the yellow cells below to update your apply criteria. Sheet auto-applies to Score column.
A4: 1. SKILL MATCH (most important)
A5: Rule | B5: Your Setting | C5: What it means
A6: Min Skill Match % to Apply | B6: 70 | C6: Apply only if ≥ this % of job's required skills match yours. Default: 70%
A7: My Skills (comma separated) | B7: JavaScript, TypeScript, React.js, Next.js, Node.js, Express.js, MongoDB, PostgreSQL, Prisma, REST API, JWT, TanStack Query, Docker, Redis, Git | C7: Update this whenever you learn a new skill
A9: 2. EXPERIENCE REQUIREMENT
A10: Rule | B10: Your Setting | C10: What it means
A11: Max experience to FULLY apply (yrs) | B11: 2 | C11: 0 to this value = apply with full confidence
A12: Max experience to STILL apply (yrs) | B12: 3 | C12: Up to this = apply but score penalty applies
A13: Experience above this = SKIP (yrs) | B13: 4 | C13: 4+ years required → do not apply
A15: 3. QUICK SCORE CALCULATOR (fill this per job)
A16: Question | B16: Your Answer | C16: Points
A17: What % of job's required skills do you have? | B17: 80 | C17: =IF(B17>=B6, ROUND((B17/100)*70, 0), 0) -> 56
A18: How many years experience does job require? | B18: 1 | C18: =IF(B18>B13, 0, IF(B18<=B11, 30, 15)) -> 30
A19: TOTAL SCORE (out of 100) | B19: =C17+C18 -> 86 | C19: =IF(B18>B13,"❌ SKIP — experience too high",IF(B17<B6,"❌ SKIP — skill match too low",IF(C17+C18>=70,"✅ APPLY","⚠️ BORDERLINE — your call"))) -> ✅ APPLY
A21: 4. HOW TO USE
A22: 🟡 Yellow cells (Sections 1 & 2) | B22: Your permanent settings — change once, stays forever
A23: 🟢 Green cells (Section 3) | B23: Fill these for EACH new job you evaluate
A24: ✅ APPLY | B24: Score is strong — go ahead
A25: ⚠️ BORDERLINE | B25: Your call — check if you really want this role
A26: ❌ SKIP | B26: Experience too high OR skill match too low
A27: After scoring → | B27: Copy the total score to Match Score column in Applications sheet

Sheet Applications
A1: ID | E1: APPLICATION | I1: JOB DETAILS | N1: KEY INFO | O1: SCORING | Q1: STATUS
A2: No. | B2: Applied Date (auto on entry) | C2: Company Name | D2: Job Title | E2: Job Type | F2: Platform | G2: Apply Method | H2: Apply Link / Email | I2: Work Mode | J2: Location / Country | K2: Salary / Range | L2: Experience Req. | M2: Deadline (if mentioned) | N2: Key Info (Requirements & Responsibilities) | O2: Match Score (/100) 🟢≥80 🟡60-79 🔴<60 | P2: Score Notes | Q2: Application Status | R2: Response | S2: Follow-up Date | T2: Interview Date | U2: Recruiter Name | V2: Referred By | W2: Contact / WhatsApp No. | X2: Notes
A3: 1 | B3: 25 Apr | C3: Nash | D3: Full Stack Developer | F3: LinkedIn | G3: Link | H3: https://careers.vizientinc.com/... | I3: Remote | J3: US | K3: N/A | L3: 0-2 yrs | N3: Skills: React, Node, MongoDB Resp: Build features, API integration, code reviews | O3: 72 | P3: Missing TypeScript | Q3: Applied | R3: No
A4: 2 | B4: 29 Apr | C4: Xponent | D4: Full Stack JS Developer | F4: Direct | G4: Link | H4: https://www.xponent.com.bd/careers/apply?job=full-stack-javascript-developer | I4: Onsite | J4: Bangladesh | K4: N/A | L4: 0-3 yrs | N4: Skills: JS, React, Node, Express, MongoDB Resp: Develop features, maintain codebase, collaborate with team | O4: 88 | P4: Strong stack + BD local | Q4: Applied | R4: No
A5: 3 | B5: 02 May | C5: Turing | D5: Full Stack Engineer | F5: LinkedIn | G5: Link | H5: https://www.linkedin.com/jobs/view/4410747341/ | I5: Remote | J5: US | K5: N/A | L5: 1-3 yrs | N5: Skills: React, Node.js, TypeScript, PostgreSQL Resp: Build scalable systems, code reviews | O5: 85 | P5: Good match; need TypeScript | Q5: Applied | R5: No
B6: =IF(C6<>"",TODAY(),"")
B7: =IF(C7<>"",TODAY(),"")
B8: =IF(C8<>"",TODAY(),"")
B9: =IF(C9<>"",TODAY(),"")
B10: =IF(C10<>"",TODAY(),"")
B11: =IF(C11<>"",TODAY(),"")
B12: =IF(C12<>"",TODAY(),"")
B13: =IF(C13<>"",TODAY(),"")
B14: =IF(C14<>"",TODAY(),"")
B15: =IF(C15<>"",TODAY(),"")
B16: =IF(C16<>"",TODAY(),"")
B17: =IF(C17<>"",TODAY(),"")
... B502: =IF(C502<>"",TODAY(),"")

Sheet Dashboard
A1: 📊 JOB APPLICATION DASHBOARD — Md Faysal Ahmed
A3: Total Applied | B3: Score ≥ 80 | C3: Got Response | D3: Interview Scheduled | E3: Offer Received | F3: Ghosted | G3: Avg Match Score | H3: Response Rate | I3: Last 7 Days | J3: Last 7d Response Rate
A4: =COUNTA(Applications!C3:C502) -> 3 | B4: =COUNTIF(Applications!O3:O502,">=80") -> 2 | C4: =COUNTIF(Applications!R3:R502,"Yes") -> 0 | D4: =COUNTIF(Applications!Q3:Q502,"Interview Scheduled") -> 0 | E4: =COUNTIF(Applications!Q3:Q502,"Offer Received") -> 0 | F4: =COUNTIF(Applications!Q3:Q502,"Ghosted") -> 0 | G4: =IFERROR(ROUND(AVERAGEIF(Applications!O3:O502,"<>",Applications!O3:O502),1),"-") -> 81.7 | H4: =IFERROR(TEXT(COUNTIF(Applications!R3:R502,"Yes")/COUNTA(Applications!C3:C502),"0%"),"-") -> 0% | I4: =COUNTIFS(Applications!B3:B502,">="&(TODAY()-7),Applications!B3:B502,"<="&TODAY()) -> 0 | J4: =IFERROR(TEXT(COUNTIFS(Applications!B3:B502,">="&(TODAY()-7),Applications!B3:B502,"<="&TODAY(),Applications!R3:R502,"Yes")/COUNTIFS(Applications!B3:B502,">="&(TODAY()-7),Applications!B3:B502,"<="&TODAY()),"0%"),"-") -> -
A7: Applications by Platform | F7: Applications by Status
A8: Platform | B8: Count | C8: % Share | D8: Avg Score | F8: Status | G8: Count | H8: % Share
A9: LinkedIn | B9: =COUNTIF(Applications!F3:F502,"LinkedIn") -> 2 | C9: =IFERROR(TEXT(B9/COUNTA(Applications!C3:C502),"0%"),"-") -> 67% | D9: =IFERROR(ROUND(AVERAGEIF(Applications!F3:F502,"LinkedIn",Applications!O3:O502),1),"-") -> 78.5 | F9: Applied | G9: =COUNTIF(Applications!Q3:Q502,"Applied") -> 3 | H9: =IFERROR(TEXT(G9/COUNTA(Applications!C3:C502),"0%"),"-") -> 100%
A10: BDJobs | B10: =COUNTIF(Applications!F3:F502,"BDJobs") -> 0 | C10: =IFERROR(TEXT(B10/COUNTA(Applications!C3:C502),"0%"),"-") -> 0% | D10: =IFERROR(ROUND(AVERAGEIF(Applications!F3:F502,"BDJobs",Applications!O3:O502),1),"-") -> - | F10: Pending | G10: =COUNTIF(Applications!Q3:Q502,"Pending") -> 0 | H10: =IFERROR(TEXT(G10/COUNTA(Applications!C3:C502),"0%"),"-") -> 0%
A11: Facebook | B11: =COUNTIF(Applications!F3:F502,"Facebook") -> 0 | C11: =IFERROR(TEXT(B11/COUNTA(Applications!C3:C502),"0%"),"-") -> 0% | D11: =IFERROR(ROUND(AVERAGEIF(Applications!F3:F502,"Facebook",Applications!O3:O502),1),"-") -> - | F11: Interview Scheduled | G11: =COUNTIF(Applications!Q3:Q502,"Interview Scheduled") -> 0 | H11: =IFERROR(TEXT(G11/COUNTA(Applications!C3:C502),"0%"),"-") -> 0%
A12: Direct | B12: =COUNTIF(Applications!F3:F502,"Direct") -> 1 | C12: =IFERROR(TEXT(B12/COUNTA(Applications!C3:C502),"0%"),"-") -> 33% | D12: =IFERROR(ROUND(AVERAGEIF(Applications!F3:F502,"Direct",Applications!O3:O502),1),"-") -> 88 | F12: Rejected | G12: =COUNTIF(Applications!Q3:Q502,"Rejected") -> 0 | H12: =IFERROR(TEXT(G12/COUNTA(Applications!C3:C502),"0%"),"-") -> 0%
A13: Email | B13: =COUNTIF(Applications!F3:F502,"Email") -> 0 | C13: =IFERROR(TEXT(B13/COUNTA(Applications!C3:C502),"0%"),"-") -> 0% | D13: =IFERROR(ROUND(AVERAGEIF(Applications!F3:F502,"Email",Applications!O3:O502),1),"-") -> - | F13: Offer Received | G13: =COUNTIF(Applications!Q3:Q502,"Offer Received") -> 0 | H13: =IFERROR(TEXT(G13/COUNTA(Applications!C3:C502),"0%"),"-") -> 0%
A14: Referral | B14: =COUNTIF(Applications!F3:F502,"Referral") -> 0 | C14: =IFERROR(TEXT(B14/COUNTA(Applications!C3:C502),"0%"),"-") -> 0% | D14: =IFERROR(ROUND(AVERAGEIF(Applications!F3:F502,"Referral",Applications!O3:O502),1),"-") -> - | F14: Ghosted | G14: =COUNTIF(Applications!Q3:Q502,"Ghosted") -> 0 | H14: =IFERROR(TEXT(G14/COUNTA(Applications!C3:C502),"0%"),"-") -> 0%
A15: Other | B15: =COUNTIF(Applications!F3:F502,"Other") -> 0 | C15: =IFERROR(TEXT(B15/COUNTA(Applications!C3:C502),"0%"),"-") -> 0% | D15: =IFERROR(ROUND(AVERAGEIF(Applications!F3:F502,"Other",Applications!O3:O502),1),"-") -> - | F15: Withdrawn | G15: =COUNTIF(Applications!Q3:Q502,"Withdrawn") -> 0 | H15: =IFERROR(TEXT(G15/COUNTA(Applications!C3:C502),"0%"),"-") -> 0%
A20: 📅 Last 7 Days — Recent Applications
A21: Date | B21: Company | C21: Job Title | D21: Role Type | E21: Platform | F21: Match Score | G21: Status | H21: Response
A22: 💡 To see last 7 days entries: Go to Applications sheet → click the Applied Date column header → Filter → 'Filter by date' → Last 7 days
A26: 📈 Last 4 Weeks — Applied vs Response (auto-updates daily)

Sheet Quick Reference
A1: 📎 QUICK REFERENCE — Resume Links & Usage Guide
A2: RESUME LINKS (select based on job role type)
A3: Role Type | B3: Resume Link
A4: Frontend Developer | B4: https://drive.google.com/file/d/1phcr2LZvePEAJM_njYvSiI02ihnfH7T_/view
A5: Full Stack Developer | B5: https://drive.google.com/file/d/1q83JKRrheIFbtyVBpqh61Wg22dyFWFCq/view
A6: MERN Stack Developer | B6: https://drive.google.com/file/d/1ORVltguWYmu3ryxCqALNPxASlitqZ0DG/view
A7: Full Stack Engineer | B7: https://drive.google.com/file/d/1TaQt59rLNK0Cu3CAwKsy8U8PCOQ-O46b/view
A8: Backend Engineer | B8: https://drive.google.com/file/d/1BWErSaTYNqoihsDUGT3ZJ_BjRe2HuHiK/view
A9: Software Engineer | B9: https://drive.google.com/file/d/1M3Q4A0Ume0rfrXkprr80-AWNpuX1LarE/view
A11: SCORING GUIDE
A12: Category | B12: Max | C12: Notes
A13: Skills Match | B13: 50 pts | C13: JS/TS, React, Node, MongoDB, PostgreSQL, Express, Prisma, JWT, TanStack
A14: Experience Match | B14: 20 pts | C14: 0-2 yrs = full; 3 yrs + good stack = partial; 4+ = reject
A15: Role Match | B15: 15 pts | C15: Full Stack > Backend > MERN > Software Eng > Frontend
A16: Location/Work Mode | B16: 10 pts | C16: Column M in Applications sheet — enter manually after reading the job post
A17: Project Relevance | B17: 5 pts | C17: MediStore / Sustainify match the job focus
A18: APPLY threshold | B18: ≥ 80 | C18: Score must be 80 or above to apply
A20: HOW TO USE THIS SHEET
A21: 1. APPLICATIONS tab → enter every job you apply for in a new row
A22: 2. Key Requirements & Key Responsibilities → copy directly from job post (important for recruiter recall)
A23: 3. Tech Stack Required → list the tools the company actually asks for
A24: 4. Match Score → score from 0-100 using the scoring guide above
A25: 5. Resume Used → pick from dropdown (must match the role type)
A26: 6. Apply Method: 'Link' = form/portal | 'Email' = send CV directly
A27: 7. Application Status → update after each milestone (Applied → Response → Interview)
A28: 8. Follow-up Date → set 5-7 days after applying if no reply
A29: 9. DASHBOARD tab → auto-shows your stats; check it weekly
A30: 10. When a recruiter contacts you → search Company Name column → read Key Reqs + Key Resp
A32: ⚡ AUTO DATE: Applied Date fills automatically when you enter a Company Name. To FREEZE the date (prevent it changing daily): select the date cell → Copy → Paste Special → Values Only (Ctrl+Shift+V).

Sheet ChartData
A1: Week | B1: Applied | C1: Responses
A2: Week 1 (oldest) | B2: =COUNTIFS(Applications!B3:B502,">="&(TODAY()-28),Applications!B3:B502,"<="&(TODAY()-22)) -> 0 | C2: =COUNTIFS(Applications!B3:B502,">="&(TODAY()-28),Applications!B3:B502,"<="&(TODAY()-22),Applications!R3:R502,"Yes") -> 0
A3: Week 2 | B3: =COUNTIFS(Applications!B3:B502,">="&(TODAY()-21),Applications!B3:B502,"<="&(TODAY()-15)) -> 0 | C3: =COUNTIFS(Applications!B3:B502,">="&(TODAY()-21),Applications!B3:B502,"<="&(TODAY()-15),Applications!R3:R502,"Yes") -> 0
A4: Week 3 | B4: =COUNTIFS(Applications!B3:B502,">="&(TODAY()-14),Applications!B3:B502,"<="&(TODAY()-8)) -> 0 | C4: =COUNTIFS(Applications!B3:B502,">="&(TODAY()-14),Applications!B3:B502,"<="&(TODAY()-8),Applications!R3:R502,"Yes") -> 0
A5: Week 4 (latest) | B5: =COUNTIFS(Applications!B3:B502,">="&(TODAY()-7),Applications!B3:B502,"<="&(TODAY())) -> 0 | C5: =COUNTIFS(Applications!B3:B502,">="&(TODAY()-7),Applications!B3:B502,"<="&(TODAY()),Applications!R3:R502,"Yes") -> 0
